AAE,TSXV
AAT,TSXV
AFX,TSXV
AGR,TSXV
AIR,TSXV
APK,TSXV
AQE,TSXV
ART,TSXV
AXP,TSXV
BRM,TSXV
BVO,TSXV
CFQ,TSXV
CGN,TSXV
CLI,TSXV
CNW,TSXV
CST,TSXV
CTW,TSXV
CVR,TSXV
CWD,TSXV
DIS,TSXV
DYA,TSXV
EBN,TSXV
ENP,TSXV
ENV,TSXV
ESR,TSXV
ESV,TSXV
EWS,TSXV
FFX,TSXV
FSH,TSXV
FTE,TSXV
FVR,TSXV
GAE,TSXV
GIE,TSXV
HEO,TSXV
HGS,TSXV
HLS,TSXV
HTC,TSXV
IBR,TSXV
IC,TSXV
LEC,TSXV
LED,TSXV
LGS,TSXV
LPS,TSXV
MP,TSXV
NAT,TSXV
NGP,TSXV
NKW,TSXV
NXT,TSXV
OLR,TSXV
OPL,TSXV
ORI,TSXV
PET,TSXV
PEV,TSXV
PL,TSXV
POR,TSXV
PUR,TSXV
PWR,TSXV
QST,TSXV
ROR,TSXV
SBX,TSXV
SDS,TSXV
SDW,TSXV
SET,TSXV
SNE,TSXV
SNV,TSXV
SPC,TSXV
SRA,TSXV
SSC,TSXV
STG,TSXV
STT,TSXV
SUS,TSXV
SWX,TSXV
SYD,TSXV
TBZ,TSXV
TMG,TSXV
TRU,TSXV
VRD,TSXV
WEE,TSXV
WND,TSXV
ZNN,TSXV
