NG/10F,NYMEX
NG/10G,NYMEX
NG/10H,NYMEX
NG/10J,NYMEX
NG/10K,NYMEX
NG/10M,NYMEX
NG/10N,NYMEX
NG/10Q,NYMEX
NG/10U,NYMEX
NG/10V,NYMEX
NG/10X,NYMEX
NG/10Z,NYMEX
CL/10F,NYMEX
CL/10G,NYMEX
CL/10H,NYMEX
CL/10J,NYMEX
CL/10K,NYMEX
CL/10M,NYMEX
CL/10N,NYMEX
CL/10Q,NYMEX
CL/10U,NYMEX
CL/10V,NYMEX
CL/10X,NYMEX
CL/10Z,NYMEX
GC/10F,COMEX
GC/10G,COMEX
GC/10H,COMEX
GC/10J,COMEX
GC/10K,COMEX
GC/10M,COMEX
GC/10N,COMEX
GC/10Q,COMEX
GC/10U,COMEX
GC/10V,COMEX
GC/10X,COMEX
GC/10Z,COMEX
SI/10F,COMEX
SI/10G,COMEX
SI/10H,COMEX
SI/10J,COMEX
SI/10K,COMEX
SI/10M,COMEX
SI/10N,COMEX
SI/10Q,COMEX
SI/10U,COMEX
SI/10V,COMEX
SI/10X,COMEX
SI/10Z,COMEX
